{
  "NTProvider": {
    "types": {
      "/FMSInfo": "FMSInfo",
      "/SmartDashboard/Field": "Field2d"
    },
    "windows": {
      "/SmartDashboard/Field": {
        "bottom": 1914,
        "height": 8.069275856018066,
        "left": 245,
        "right": 3942,
        "top": 118,
        "width": 16.54119300842285,
        "window": {
          "visible": true
        }
      }
    }
  },
  "NetworkTables Info": {
    "visible": true
  },
  "NetworkTables View": {
    "visible": false
  }
}
