{
  "Docking": {
    "Data": []
  },
  "MainWindow": {
    "GLOBAL": {
      "font": "Proggy Dotted",
      "fps": "120",
      "height": "991",
      "maximized": "0",
      "style": "0",
      "userScale": "2",
      "width": "958",
      "xpos": "1",
      "ypos": "38"
    }
  },
  "Window": {
    "###/SmartDashboard/Field": {
      "Collapsed": "0",
      "Pos": "200,200",
      "Size": "664,200"
    },
    "###FMS": {
      "Collapsed": "0",
      "Pos": "6,675",
      "Size": "202,214"
    },
    "###Joysticks": {
      "Collapsed": "0",
      "Pos": "312,581",
      "Size": "952,278"
    },
    "###Keyboard 0 Settings": {
      "Collapsed": "0",
      "Pos": "788,161",
      "Size": "375,700"
    },
    "###NetworkTables": {
      "Collapsed": "0",
      "Pos": "312,346",
      "Size": "937,231"
    },
    "###NetworkTables Info": {
      "Collapsed": "0",
      "Pos": "312,162",
      "Size": "937,181"
    },
    "###Other Devices": {
      "Collapsed": "0",
      "Pos": "939,25",
      "Size": "312,868"
    },
    "###System Joysticks": {
      "Collapsed": "0",
      "Pos": "6,437",
      "Size": "232,254"
    },
    "###Timing": {
      "Collapsed": "0",
      "Pos": "6,187",
      "Size": "162,142"
    },
    "Debug##Default": {
      "Collapsed": "0",
      "Pos": "60,60",
      "Size": "400,400"
    },
    "Robot State": {
      "Collapsed": "0",
      "Pos": "5,20",
      "Size": "118,134"
    }
  }
}
